[{
    "avatar": "https://pic2.zhimg.com/v2-701079a6df8fa0d1edfd996efe04baf3_xll.jpg",
    "name": "水歌",
    "introduction": "小吃货、特困生、渣情商……",
    "url": "https://tech-query.me",
    "title": "前去学习"
}, {
    "avatar": "http://image.luokangyuan.com/4027734.jpeg",
    "name": "闪烁之狐",
    "introduction": "编程界大佬，技术牛，人还特别好，不懂的都可以请教大佬",
    "url": "https://blinkfox.github.io/",
    "title": "前去学习"
}, {
    "avatar": "http://image.luokangyuan.com/avatar.jpg",
    "name": "ja_rome",
    "introduction": "平凡的脚步也可以走出伟大的行程",
    "url": "ttps://me.csdn.net/jlh912008548",
    "title": "前去学习" 
}]