[
  {
    "name": "觅香",
    "artist": "栗先达",
    "url": "https://music.163.com/song/media/outer/url?id=557418077",
    "cover": "/medias/music/miXiang.png"
  },
  {
    "name": "南方的我，北方的你",
    "artist": "王般若",
    "url": "https://music.163.com/song/media/outer/url?id=426343036",
    "cover": "/medias/music/nanFangDeWo.jpg"
  },
  {
    "name": "我从崖边跌落",
    "artist": "谢春花",
    "url": "https://music.163.com/song/media/outer/url?id=415086030",
    "cover": "/medias/music/yaBianDieLuo.jpg"
  },
  {
    "name": "小嫦娥",
    "artist": "安子与九妹",
    "url": "https://music.163.com/song/media/outer/url?id=407759201",
    "cover": "/medias/music/xiaoChangE.jpg"
  }
]
